%1829	team-refactor-maintainability	0	claude-runtime-developer	0	155x46	claude.exe	1	/Users/alauda/Documents/code/agent前沿探索/多agent协作
%1830	team-refactor-maintainability	1	constitution-reviewer	0	155x46	claude.exe	1	/Users/alauda/Documents/code/agent前沿探索/多agent协作
%1831	team-refactor-maintainability	2	developer	0	155x46	node	1	/Users/alauda/Documents/code/agent前沿探索/多agent协作
%1832	team-refactor-maintainability	3	realistic-tester	0	155x46	node	1	/Users/alauda/Documents/code/agent前沿探索/多agent协作
%1833	team-refactor-maintainability	4	spark-reviewer	0	155x46	node	1	/Users/alauda/Documents/code/agent前沿探索/多agent协作
%1834	team-refactor-maintainability	5	test-engineer	0	155x46	node	1	/Users/alauda/Documents/code/agent前沿探索/多agent协作
%1829	team-refactor-maintainability__display__claude-runtime-developer__4ed53181	0	claude-runtime-developer	0	155x46	claude.exe	1	/Users/alauda/Documents/code/agent前沿探索/多agent协作
%1830	team-refactor-maintainability__display__claude-runtime-developer__4ed53181	1	constitution-reviewer	0	155x46	claude.exe	1	/Users/alauda/Documents/code/agent前沿探索/多agent协作
%1831	team-refactor-maintainability__display__claude-runtime-developer__4ed53181	2	developer	0	155x46	node	1	/Users/alauda/Documents/code/agent前沿探索/多agent协作
%1832	team-refactor-maintainability__display__claude-runtime-developer__4ed53181	3	realistic-tester	0	155x46	node	1	/Users/alauda/Documents/code/agent前沿探索/多agent协作
%1833	team-refactor-maintainability__display__claude-runtime-developer__4ed53181	4	spark-reviewer	0	155x46	node	1	/Users/alauda/Documents/code/agent前沿探索/多agent协作
%1834	team-refactor-maintainability__display__claude-runtime-developer__4ed53181	5	test-engineer	0	155x46	node	1	/Users/alauda/Documents/code/agent前沿探索/多agent协作
%1829	team-refactor-maintainability__display__constitution-reviewer__4a3483d8	0	claude-runtime-developer	0	155x46	claude.exe	1	/Users/alauda/Documents/code/agent前沿探索/多agent协作
%1830	team-refactor-maintainability__display__constitution-reviewer__4a3483d8	1	constitution-reviewer	0	155x46	claude.exe	1	/Users/alauda/Documents/code/agent前沿探索/多agent协作
%1831	team-refactor-maintainability__display__constitution-reviewer__4a3483d8	2	developer	0	155x46	node	1	/Users/alauda/Documents/code/agent前沿探索/多agent协作
%1832	team-refactor-maintainability__display__constitution-reviewer__4a3483d8	3	realistic-tester	0	155x46	node	1	/Users/alauda/Documents/code/agent前沿探索/多agent协作
%1833	team-refactor-maintainability__display__constitution-reviewer__4a3483d8	4	spark-reviewer	0	155x46	node	1	/Users/alauda/Documents/code/agent前沿探索/多agent协作
%1834	team-refactor-maintainability__display__constitution-reviewer__4a3483d8	5	test-engineer	0	155x46	node	1	/Users/alauda/Documents/code/agent前沿探索/多agent协作
%1829	team-refactor-maintainability__display__developer__7f111d58	0	claude-runtime-developer	0	155x46	claude.exe	1	/Users/alauda/Documents/code/agent前沿探索/多agent协作
%1830	team-refactor-maintainability__display__developer__7f111d58	1	constitution-reviewer	0	155x46	claude.exe	1	/Users/alauda/Documents/code/agent前沿探索/多agent协作
%1831	team-refactor-maintainability__display__developer__7f111d58	2	developer	0	155x46	node	1	/Users/alauda/Documents/code/agent前沿探索/多agent协作
%1832	team-refactor-maintainability__display__developer__7f111d58	3	realistic-tester	0	155x46	node	1	/Users/alauda/Documents/code/agent前沿探索/多agent协作
%1833	team-refactor-maintainability__display__developer__7f111d58	4	spark-reviewer	0	155x46	node	1	/Users/alauda/Documents/code/agent前沿探索/多agent协作
%1834	team-refactor-maintainability__display__developer__7f111d58	5	test-engineer	0	155x46	node	1	/Users/alauda/Documents/code/agent前沿探索/多agent协作
%1829	team-refactor-maintainability__display__realistic-tester__f16f3a80	0	claude-runtime-developer	0	155x46	claude.exe	1	/Users/alauda/Documents/code/agent前沿探索/多agent协作
%1830	team-refactor-maintainability__display__realistic-tester__f16f3a80	1	constitution-reviewer	0	155x46	claude.exe	1	/Users/alauda/Documents/code/agent前沿探索/多agent协作
%1831	team-refactor-maintainability__display__realistic-tester__f16f3a80	2	developer	0	155x46	node	1	/Users/alauda/Documents/code/agent前沿探索/多agent协作
%1832	team-refactor-maintainability__display__realistic-tester__f16f3a80	3	realistic-tester	0	155x46	node	1	/Users/alauda/Documents/code/agent前沿探索/多agent协作
%1833	team-refactor-maintainability__display__realistic-tester__f16f3a80	4	spark-reviewer	0	155x46	node	1	/Users/alauda/Documents/code/agent前沿探索/多agent协作
%1834	team-refactor-maintainability__display__realistic-tester__f16f3a80	5	test-engineer	0	155x46	node	1	/Users/alauda/Documents/code/agent前沿探索/多agent协作
%1829	team-refactor-maintainability__display__spark-reviewer__b471ef5a	0	claude-runtime-developer	0	155x46	claude.exe	1	/Users/alauda/Documents/code/agent前沿探索/多agent协作
%1830	team-refactor-maintainability__display__spark-reviewer__b471ef5a	1	constitution-reviewer	0	155x46	claude.exe	1	/Users/alauda/Documents/code/agent前沿探索/多agent协作
%1831	team-refactor-maintainability__display__spark-reviewer__b471ef5a	2	developer	0	155x46	node	1	/Users/alauda/Documents/code/agent前沿探索/多agent协作
%1832	team-refactor-maintainability__display__spark-reviewer__b471ef5a	3	realistic-tester	0	155x46	node	1	/Users/alauda/Documents/code/agent前沿探索/多agent协作
%1833	team-refactor-maintainability__display__spark-reviewer__b471ef5a	4	spark-reviewer	0	155x46	node	1	/Users/alauda/Documents/code/agent前沿探索/多agent协作
%1834	team-refactor-maintainability__display__spark-reviewer__b471ef5a	5	test-engineer	0	155x46	node	1	/Users/alauda/Documents/code/agent前沿探索/多agent协作
%1829	team-refactor-maintainability__display__test-engineer__d8b85486	0	claude-runtime-developer	0	155x46	claude.exe	1	/Users/alauda/Documents/code/agent前沿探索/多agent协作
%1830	team-refactor-maintainability__display__test-engineer__d8b85486	1	constitution-reviewer	0	155x46	claude.exe	1	/Users/alauda/Documents/code/agent前沿探索/多agent协作
%1831	team-refactor-maintainability__display__test-engineer__d8b85486	2	developer	0	155x46	node	1	/Users/alauda/Documents/code/agent前沿探索/多agent协作
%1832	team-refactor-maintainability__display__test-engineer__d8b85486	3	realistic-tester	0	155x46	node	1	/Users/alauda/Documents/code/agent前沿探索/多agent协作
%1833	team-refactor-maintainability__display__test-engineer__d8b85486	4	spark-reviewer	0	155x46	node	1	/Users/alauda/Documents/code/agent前沿探索/多agent协作
%1834	team-refactor-maintainability__display__test-engineer__d8b85486	5	test-engineer	0	155x46	node	1	/Users/alauda/Documents/code/agent前沿探索/多agent协作
